<?xml version="1.0" encoding="UTF-8"?>
<!DOCTYPE hibernate-configuration PUBLIC
	"-//Hibernate/Hibernate Configuration DTD 3.0//EN"
	"http://hibernate.sourceforge.net/hibernate-configuration-3.0.dtd">
<hibernate-configuration>
	<session-factory>
		<property name="connection.driver_class">
			com.mysql.jdbc.Driver
		</property>
		<property name="connection.url">
			jdbc:mysql://127.0.0.1:3306/netctoss
		</property>
		<property name="connection.username">root</property>
		<property name="connection.password">20100752</property>
		<!-- 方言 -->
		<property name="dialect">
			org.hibernate.dialect.MySQLDialect
		</property>

		<property name="hibernate.show_sql">true</property>
		<property name="hibernate.format_sql">true</property>
		<mapping resource="hibernate/hbm/Admin.hbm.xml" />
		<mapping resource="hibernate/hbm/Detail.hbm.xml" />
		<mapping resource="hibernate/hbm/Pricing.hbm.xml" />
		<mapping resource="hibernate/hbm/Right.hbm.xml" />
		<mapping resource="hibernate/hbm/Role.hbm.xml" />
		<mapping resource="hibernate/hbm/SystemModule.hbm.xml" />
		<mapping resource="hibernate/hbm/User.hbm.xml" />
		<mapping resource="hibernate/hbm/UserService.hbm.xml" />



	</session-factory>
</hibernate-configuration>	
	